time,cdp409,cdp410,cdp412,cdp413
0,0,0,0,0
0.004,0,0,0,0
0.008,0,0,0,0
0.012,0,0,0,0
0.016,0,0,0,0
0.02,0,0,0,0
0.024,0,0,0,0
0.028,0,0,0,0
0.032,0,0,0,0
0.036,0,0,0,0
0.04,0,0,0,0
0.044,0,0,0,0
0.048,0,0,0,0
0.052,0,0,0,0
0.056,0,0,0,0
0.06,0,0,0,0
0.064,0,0,0,0
0.068,0,0,0,0
0.072,0,0,0,0
0.076,0,0,0,0
0.08,0,0,0,0
0.084,0,0,0,0
0.088,0,-1377,0,0
0.092,0,-1858,0,0
0.096,0,-1827,0,0
0.1,0,-1791,0,0
0.104,0,-2133,-1332,0
0.108,0,-2550,-2100,0
0.112,0,-486,-2116,0
0.116,0,-2530,-234,0
0.12,0,-932,2209,0
0.124,0,2003,964,0
0.128,0,2397,2384,0
0.132,0,2332,872,0
0.136,0,2381,2577,0
0.14,0,609,2151,0
0.144,0,5282,88,0
0.148,1314,5887,-2472,0
0.152,2460,1134,-6230,0
0.156,2727,2116,-10903,-237
0.16,1637,511,-11104,-12778
0.164,-2097,-1019,-8501,-15297
0.168,-2126,-2230,-2030,-11635
0.172,1726,-2309,-133,-2262
0.176,414,-7875,4360,2653
0.18,1885,-8973,12220,8032
0.184,-1584,-6138,8679,7256
0.188,-13825,-2573,2273,3129
0.192,-15789,-707,-1071,663
0.196,-12779,-2711,-1668,2368
0.2,-2999,-1815,-1493,1
0.204,160,2701,-783,-1767
0.208,6304,13858,2175,1323
0.212,15834,16043,8517,5206
0.216,17825,6646,12999,11562
0.22,12669,-1016,3464,3537
0.224,2129,-2744,-2594,-1985
0.228,-2561,-2296,-15377,-13006
0.232,-2511,207,-18355,-19177
0.236,2059,371,-12535,-18049
0.24,8561,11814,-154,-8182
0.244,8692,13445,12792,1620
0.248,1564,2775,18546,8439
0.252,-8414,-6042,11550,6755
0.256,-17464,-19400,-2716,9
0.26,-16768,-20742,-21070,-7782
0.264,-6883,-13901,-23214,-10465
0.268,-651,-2415,-11709,-1702
0.272,1839,2316,3428,10000
0.276,50,1752,19298,18167
0.28,-1852,2423,18442,16544
0.284,-807,69,8576,5046
0.288,2425,-88,1665,-870
0.292,7746,2447,-1457,-2570
0.296,12454,9273,-1355,-1850
0.3,12072,13235,512,2062
0.304,6118,11278,1770,2655
0.308,2317,2723,123,1194
0.312,-1299,-2084,-2635,-5254
0.316,-2519,-11301,-15499,-18168
0.32,-13508,-17532,-18869,-22161
0.324,-19314,-17848,-13006,-16639
0.328,-19821,-9454,-594,-2351
0.332,-11567,2001,11543,9846
0.336,2413,14277,18821,20959
0.34,19288,18328,20041,22976
0.344,23188,13296,14739,16534
0.348,15661,2277,2157,1476
0.352,1035,-2560,-9757,-13321
0.356,-9250,-5727,-17717,-19338
0.36,-14100,-7306,-14571,-14269
0.364,-11728,-6811,-2615,-2222
0.368,-2549,-1989,2416,2049
0.372,2744,-381,5900,11532
0.376,14395,1439,5706,10726
0.38,17268,6714,2679,1471
0.384,12235,2198,408,269
0.388,2094,2267,-2015,-2222
0.392,-2696,1616,-1826,-2202
0.396,-7145,-91,550,-706
0.4,-10086,-2372,1615,-128
0.404,-11837,-5015,-1538,-2526
0.408,-12435,-7917,-4272,-10232
0.412,-9949,-2539,-8960,-11814
0.416,-2717,-1416,-2744,-2748
0.42,1482,2290,1731,2174
0.424,2763,1233,2700,3004
0.428,8427,2424,2201,2481
0.432,11975,4233,2180,6629
0.436,14155,8010,7929,15193
0.44,12939,6782,15270,17260
0.444,2587,1502,6885,40
0.448,-5039,-10078,-5991,-15822
0.452,-17473,-19106,-22379,-26001
0.456,-16117,-16617,-20588,-22897
0.46,-2585,-2528,-1453,-2223
0.464,5190,6634,4847,13289
0.468,14037,16311,14996,16654
0.472,9460,15469,15818,11924
0.476,152,3957,12797,3443
0.48,-10522,-2608,2534,1866
0.484,-18306,-17192,-9243,-4715
0.488,-18195,-22552,-23820,-20899
0.492,-5126,-16579,-25185,-23152
0.496,7778,819,-11148,-5533
0.5,23885,20676,15930,18044
0.504,25723,26402,27717,28497
0.508,17100,22773,25750,25951
0.512,-2068,2308,9645,7780
0.516,-18096,-15520,-7723,-10613
0.52,-22331,-23189,-21431,-22276
0.524,-16539,-20004,-22582,-22524
0.528,-2400,-1435,-12527,-12588
0.532,9747,11152,2145,2378
0.536,19496,22675,22098,15952
0.54,16168,20573,20005,13410
0.544,1204,2241,664,-1653
0.548,-15424,-17007,-19490,-16562
0.552,-22619,-24662,-23268,-18399
0.556,-19327,-22489,-13036,-5016
0.56,-9536,-9665,1542,2333
0.564,-1315,1613,6914,6222
0.568,4857,11247,6856,4280
0.572,19102,18762,5085,3505
0.576,25268,22806,8667,9354
0.58,24966,21184,11492,12199
0.584,13521,9455,4437,3728
0.588,-4877,-121,-1733,-2385
0.592,-23187,-18651,-12245,-14464
0.596,-23825,-21503,-14626,-14963
0.6,-12974,-12449,-1310,-2304
0.604,2183,2051,3396,11044
0.608,12738,14026,15275,17586
0.612,12161,14461,11122,10840
0.616,2584,2620,-1859,-2279
0.62,-2343,-3418,-15228,-16149
0.624,-8445,-14669,-19033,-19880
0.628,-12240,-14732,-12890,-14483
0.632,-11587,-8228,-2124,-2605
0.636,-3905,-2088,2464,2269
0.64,730,2493,3719,5696
0.644,11291,11236,7074,10183
0.648,18187,15158,9526,9635
0.652,15232,12231,5079,256
0.656,2025,1572,150,-2192
0.66,-10787,-9325,-6300,-9208
0.664,-15237,-14559,-9353,-3967
0.668,-3414,-4019,-1478,2469
0.672,991,2671,8580,15190
0.676,14970,14223,13879,15173
0.68,14912,14863,5087,2667
0.684,4655,6363,-1083,-2770
0.688,-1492,29,-1922,-7887
0.692,-8081,-2513,-2660,-4587
0.696,-13328,-10929,-2768,-2752
0.7,-11670,-11307,-2653,-2561
0.704,-1024,-3972,-2614,-2485
0.708,129,-1437,-2116,-1985
0.712,2339,2171,877,740
0.716,2150,2024,2140,2181
0.72,-1324,-2060,2,1739
0.724,-511,-4934,-2629,-1558
0.728,-1114,-3409,-1657,-2309
0.732,-269,843,-76,47
0.736,5292,11276,9396,4138
0.74,14215,16780,16328,12874
0.744,13466,13674,13097,11160
0.748,2282,2488,2155,2265
0.752,-1461,-2602,-2381,-2663
0.756,-2245,-6727,-10835,-9012
0.76,-3609,-3764,-7624,-9337
0.764,-2769,-2396,-2706,-3135
0.768,-2323,-1766,-1536,-2142
0.772,-1983,-1622,558,678
0.776,-756,-854,1832,2223
0.78,1732,1517,2234,2516
0.784,2324,2260,2184,2297
0.788,1682,1929,1356,914
0.792,-1661,-20,-717,-1491
0.796,-2324,-1604,-961,-1353
0.8,-1167,-371,802,1470
0.804,2174,1560,1789,2384
0.808,2674,2121,1382,2295
0.812,2447,2181,-9,1706
0.816,1839,2174,496,1517
0.82,-288,1423,1628,1135
0.824,-2727,-2337,-578,-2172
0.828,-10503,-10342,-3911,-9893
0.832,-12299,-13738,-12611,-14559
0.836,-2462,-6515,-7549,-8119
0.84,2181,1543,1384,1805
0.844,11043,10515,11384,12398
0.848,11798,12670,12906,13616
0.852,2747,2590,2720,485
0.856,-1922,-1183,-2539,-2437
0.86,-2457,-2328,-4298,-4072
0.864,2253,2092,94,-368
0.868,15035,13421,13433,11932
0.872,18871,17571,20686,18935
0.876,6459,7303,14485,13408
0.88,-5659,-1898,-1075,-996
0.884,-19589,-18045,-14851,-13586
0.888,-19003,-19121,-19830,-17559
0.892,-12741,-14238,-18358,-15746
0.896,-9081,-11829,-16774,-15086
0.9,-12644,-13788,-16935,-17225
0.904,-13303,-13729,-14319,-16507
0.908,-89,-2757,-2476,-3160
0.912,6000,7263,11033,7915
0.916,21491,22413,23552,24040
0.92,25020,25629,26811,28249
0.924,24711,25045,25740,26978
0.928,20522,20170,19122,19415
0.932,4957,3064,2257,1555
0.936,-3509,-4425,-11856,-14259
0.94,-18529,-17892,-19508,-21258
0.944,-19938,-18705,-16741,-17245
0.948,-13131,-12237,-5619,-4383
0.952,-2709,-2707,-1899,-1173
0.956,-1554,-2006,-1852,-1040
0.96,-1512,-2131,-2470,-2257
0.964,-1062,-1685,-2157,-2073
0.968,1058,905,999,1083
0.972,1441,1521,1817,1930
0.976,-1750,-1714,-1668,-1556
0.98,-1652,-1187,-1988,-2677
0.984,-2739,-2549,-2604,-1015
0.988,1511,2038,2044,1043
0.992,5830,7125,6201,3849
0.996,7488,7383,4918,4604
1,2714,2662,2334,2472
1.004,1670,1754,1520,1843
1.008,1577,1664,1973,2164
1.012,2071,1795,2244,2380
1.016,2208,1734,2201,2326
1.02,2458,2199,2400,2450
1.024,254,2685,2780,2732
1.028,2382,2298,2267,2158
1.032,-2344,-2434,-2612,-2731
1.036,-14205,-14126,-15266,-15636
1.04,-18735,-17731,-18686,-18888
1.044,-11957,-9714,-9556,-9285
1.048,1897,2262,2603,157
1.052,14071,14146,15814,17173
1.056,14808,14018,14475,15520
1.06,2604,2289,1843,1755
1.064,-4186,-6626,-10495,-12084
1.068,-13173,-13659,-14359,-15721
1.072,-5111,-3719,-762,-1983
1.076,1895,2364,2273,2816
1.08,6889,9473,12417,13227
1.084,944,1728,1346,2933
1.088,-2342,-2427,-2125,-1795
1.092,-11903,-12306,-15477,-16111
1.096,-10757,-10931,-13017,-13779
1.1,-785,-838,-843,-779
1.104,-2673,-2511,-2536,-2570
1.108,-14302,-14281,-14025,-13849
1.112,-21064,-21553,-20999,-20861
1.116,-20659,-21071,-20053,-19944
1.12,-12669,-12439,-10638,-10151
1.124,1691,2109,1814,1407
1.128,11605,11069,12510,13535
1.132,18324,17377,18918,19974
1.136,17138,16319,16902,16984
1.14,11893,11735,11182,9278
1.144,-15568,-15214,-15348,-15985
1.148,-20898,-19986,-21874,-19985
1.152,-15843,-14357,-12348,-15987
1.156,-4502,-5432,-5364,-6543
1.16,658,121,98,1812
1.164,131,-841,-1551,-1513
1.168,-2159,-2463,-1343,-2752
1.172,-1243,-1786,-2611,-857
1.176,2455,2372,1440,152
1.18,7460,8031,5409,3222
1.184,9962,10731,10220,9182
1.188,4630,4281,4600,5386
1.192,2332,2153,2209,2453
1.196,1054,453,909,1508
1.2,764,1174,1565,1553
1.204,1239,1857,2242,2156
1.208,-343,337,1933,2030
1.212,-989,-2767,-2115,-1610
1.216,-13539,-13461,-11312,-8819
1.22,-18423,-18746,-18285,-17687
1.224,-16416,-17112,-18646,-19320
1.228,-2265,-4161,-9317,-11810
1.232,2341,467,2322,1757
1.236,16647,16105,15594,14778
1.24,16986,17274,18233,18483
1.244,4363,6820,9805,11450
1.248,-2414,-1951,-1487,-370
1.252,-7893,-6214,-7032,-6032
1.256,-2518,-2683,-2781,-3637
1.26,2870,2727,2175,1620
1.264,16693,15536,14404,13033
1.268,17774,18083,18847,18499
1.272,5368,8347,11835,12933
1.276,-5923,-2303,-2503,-1997
1.28,-23425,-22751,-21413,-19968
1.284,-26667,-26445,-25832,-25650
1.288,-23204,-23413,-23338,-23671
1.292,-4753,-6871,-9606,-11485
1.296,7133,3891,2641,2431
1.3,20506,18637,15991,15768
1.304,23341,22672,21118,21133
1.308,22286,22098,21086,20762
1.312,15842,16573,16521,15900
1.316,838,3102,4888,4478
1.32,-2771,-2499,-2043,-1610
1.324,-15113,-14329,-12294,-9969
1.328,-18948,-18576,-17239,-15730
1.332,-15708,-15885,-15974,-15725
1.336,-4777,-6795,-9149,-10834
1.34,-109,-1785,-2194,-2387
1.344,2249,1581,1728,1851
1.348,2212,2106,2607,805
1.352,1300,1888,2730,1451
1.356,-133,1471,2343,2332
1.36,97,1411,1315,165
1.364,1937,2158,52,-1218
1.368,1632,1955,2132,1024
1.372,8884,9029,4433,610
1.376,10496,10721,10058,7624
1.38,3503,3831,5194,4844
1.384,754,760,1307,1605
1.388,-2774,-1034,-962,-2727
1.392,-6389,-8747,-9497,-7752
1.396,-6288,-8618,-9756,-7274
1.4,-2959,-3399,-3829,-1124
1.404,-2656,-2404,-2173,-1793
1.408,-2052,-1177,1133,1505
1.412,145,1245,2436,2555
1.416,2131,2086,2638,55
1.42,2338,1992,2091,2146
1.424,1457,5,-1674,-2089
1.428,-2136,-2170,-3023,-6763
1.432,-1918,-398,-7454,-11147
1.436,-249,-2685,-1683,-2704
1.44,49,-326,730,1726
1.444,3870,1410,6035,10651
1.448,12370,11651,13504,15141
1.452,12758,13162,13905,13881
1.456,8268,10238,9612,7209
1.46,2603,134,2522,2214
1.464,-981,-495,-1642,-1972
1.468,-2844,-2463,-3398,-3953
1.472,-11352,-11163,-9418,-9987
1.476,-12014,-11867,-9709,-10203
1.48,-6135,-6741,-5281,-4925
1.484,-2232,-2525,-2581,-2416
1.488,1152,-526,-971,-137
1.492,2438,2127,2138,2083
1.496,1395,1894,2128,334
1.5,1492,4530,4398,2971
1.504,1448,2241,2284,2358
1.508,-5742,-1953,-169,-2486
1.512,-17427,-15768,-14195,-12997
1.516,-16320,-15861,-14158,-14205
1.52,-1356,-2117,-1813,-2266
1.524,21025,18189,16524,15198
1.528,29944,28756,26753,26441
1.532,29679,29321,27051,26961
1.536,17602,18404,15562,15581
1.54,-11387,-9194,-9246,-7958
1.544,-28444,-28116,-26897,-26094
1.548,-31446,-31500,-29715,-28709
1.552,-25467,-25669,-24122,-23470
1.556,-5696,-5803,-2919,-3076
1.56,4689,5761,5122,2897
1.564,13779,14484,13409,12242
1.568,10288,11189,9949,8648
1.572,2527,2652,2643,2548
1.576,948,1542,1451,1040
1.58,2128,2268,1944,1702
1.584,9258,8711,5383,4487
1.588,18318,17177,15747,15013
1.592,20063,18775,18425,17376
1.596,9506,8190,10071,8804
1.6,-5152,-4890,-1153,-2774
1.604,-23481,-23195,-21913,-19859
1.608,-25237,-24971,-23950,-22501
1.612,-16004,-15948,-14455,-12081
1.616,2133,1934,2180,2296
1.62,14945,14211,13892,12439
1.624,12887,12043,10546,6771
1.628,1477,224,-1205,-1882
1.632,-6010,-8468,-11636,-12353
1.636,-11345,-12037,-14045,-14942
1.64,-4532,-3506,-7169,-8770
1.644,-1399,161,-169,-164
1.648,1054,5365,8181,9998
1.652,12685,14469,17371,18572
1.656,14555,15619,18239,19187
1.66,7339,8170,9797,10795
1.664,-167,-174,-1417,-1364
1.668,-3718,-4271,-8457,-8876
1.672,-5305,-6204,-10824,-11246
1.676,-2643,-468,-4814,-4954
1.68,-1925,-2323,-2690,-2653
1.684,-1575,-2169,-2131,-2110
1.688,-100,-499,1398,1174
1.692,2553,21,5405,4286
1.696,9773,11999,13699,12951
1.7,12493,13152,13155,12405
1.704,4745,2775,712,2709
1.708,-1553,-2304,-2563,-2681
1.712,-12400,-13789,-14441,-14490
1.716,-20270,-20147,-20377,-19828
1.72,-22549,-21496,-20946,-20163
1.724,-18709,-17164,-15405,-15054
1.728,-3071,-1282,-2227,-2303
1.732,10061,10397,13785,13424
1.736,25200,25193,26020,26254
1.74,28980,29001,28632,29305
1.744,24516,24335,22970,23589
1.748,2672,2416,664,907
1.752,-16427,-17642,-20576,-21282
1.756,-24106,-24579,-25460,-25854
1.76,-21804,-22364,-22595,-22628
1.764,-11525,-11875,-11399,-10082
1.768,-2087,-1958,-1498,-233
1.772,2018,2294,2560,2747
1.776,2082,4877,7046,6605
1.78,8544,11091,12061,10528
1.784,11139,11636,12159,10059
1.788,7738,6632,6221,4393
1.792,2619,2368,2146,2195
1.796,-1128,-1490,-2035,-1525
1.8,-1910,-1122,-2384,-200
1.804,-6261,-4709,-4153,-3561
1.808,-1484,-61,-2506,-2692
1.812,-762,-142,1256,139
1.816,2472,2529,355,2670
1.82,501,2749,504,2753
1.824,2227,1858,1502,1106
1.828,-820,-1714,-2298,-2388
1.832,-2432,-2592,-1746,-1083
1.836,-506,-2696,-780,-2697
1.84,-1893,-2526,-2453,-2425
1.844,-2658,-2430,-2321,-2571
1.848,-602,-2379,-2469,-238
1.852,-1516,-1954,-2296,-2443
1.856,2617,1066,132,574
1.86,8314,2732,322,2292
1.864,7581,3309,7591,10174
1.868,2490,2662,6395,9672
1.872,2543,2344,1440,464
1.876,2107,182,1769,984
1.88,609,2748,1721,1490
1.884,2432,2556,1849,2128
1.888,2139,2527,2248,2476
1.892,1438,2283,2271,2240
1.896,-1964,-1239,-629,-1620
1.9,-8336,-9580,-8765,-10281
1.904,-17734,-19857,-20048,-19280
1.908,-22257,-23136,-23198,-22359
1.912,-19772,-19739,-18786,-17734
1.916,-8820,-6357,-2724,-3722
1.92,2207,2387,2658,2202
1.924,13958,13537,12801,10017
1.928,18285,17694,15975,14361
1.932,17056,17425,16490,15942
1.936,13772,15043,15718,15691
1.94,10113,11788,13593,13259
1.944,2522,3645,7935,6740
1.948,1053,1481,2319,2317
1.952,-2748,-2539,-1989,-1386
1.956,-7317,-6980,-4073,-2771
1.96,-5823,-9377,-8739,-5315
1.964,-2648,-5496,-7761,-7586
1.968,-1794,-2638,-3530,-6642
1.972,-1214,-1788,-2630,-2547
1.976,-916,-165,-2110,-2294
1.98,-83,1278,-1161,-78
1.984,968,1933,88,1946
1.988,1073,1894,823,2134
1.992,-105,974,869,1371
1.996,-1664,-1038,-140,-1141
2,-2369,-2282,-1988,-2333
2.004,-1065,-2854,-205,-1810
2.008,-4872,-9217,-5047,-6033
2.012,-5141,-9087,-4686,-5126
2.016,-2556,-2544,-2227,-2142
2.02,2161,2705,162,2404
2.024,12956,15536,16006,17669
2.028,20591,21633,22595,23290
2.032,22320,21246,22767,22823
2.036,17723,15651,17158,15827
2.04,5943,3727,2495,2670
2.044,-1951,-1772,-2627,-253
2.048,-13041,-12147,-15190,-14644
2.052,-20502,-20045,-21151,-20337
2.056,-22477,-22594,-21624,-22136
2.06,-20048,-20500,-18568,-20637
2.064,-15586,-15690,-15546,-17643
2.068,-11628,-11401,-13651,-14427
2.072,-2937,-2424,-8481,-7275
2.076,1473,1558,94,1373
2.08,15342,15261,16034,17087
2.084,26275,26000,27166,27340
2.088,30774,30321,31352,31231
2.092,29738,29248,29522,29165
2.096,22925,22433,21629,20298
2.1,1566,910,-1122,-2068
2.104,-22317,-22364,-23594,-23965
2.108,-31490,-30975,-31768,-31201
2.112,-32767,-32767,-32681,-31326
2.116,-28194,-27526,-25989,-24455
2.12,-11839,-11241,-4793,-129
2.124,8947,9328,11757,12855
2.128,21309,21659,21291,21373
2.132,19663,20124,19188,19016
2.136,10786,10835,10233,10526
2.14,2203,2072,2165,2219
2.144,955,80,556,113
2.148,2247,2170,2006,1016
2.152,3460,3608,825,2281
2.156,7812,9013,5254,159
2.16,5636,8135,5430,839
2.164,2320,2773,372,2311
2.168,-2322,-1631,-6,-1524
2.172,-11790,-10963,-6272,-7068
2.176,-17588,-19014,-17662,-15947
2.18,-19102,-22260,-22325,-18780
2.184,-15756,-18887,-19761,-15713
2.188,-4777,-8594,-9954,-4351
2.192,1994,1528,1404,1782
2.196,12685,12008,11878,10783
2.2,19019,18406,18056,16535
2.204,19978,19797,19121,17899
2.208,15935,16435,15728,14836
2.212,5660,7752,7477,5396
2.216,-296,1072,1590,501
2.22,-4685,-180,-2559,-2681
2.224,-11336,-6502,-6107,-4069
2.228,-9710,-6892,-8664,-4640
2.232,-3881,-5779,-8141,-4910
2.236,-434,-6169,-7270,-6190
2.24,-1538,-7023,-6253,-6857
2.244,-3385,-4500,-2329,-4317
2.248,-2775,-2249,-1805,-2341
2.252,28,2269,2417,2064
2.256,6837,10611,9389,8961
2.26,16370,15909,14134,14897
2.264,18355,15979,13831,14448
2.268,12986,8979,6114,5213
2.272,1762,166,146,-1271
2.276,-6501,-5657,-4099,-6907
2.28,-14488,-12895,-11410,-10969
2.284,-13642,-12414,-9051,-3356
2.288,-7115,-6173,-209,-1369
2.292,-2527,-2372,-1091,1750
2.296,-1562,85,1693,1431
2.3,10486,4232,2325,2401
2.304,14658,10565,1408,6713
2.308,14315,11718,4867,11259
2.312,5839,4686,2609,7073
2.316,-1299,-232,1604,1791
2.32,-11582,-9527,-1434,-3778
2.324,-18587,-17507,-14201,-15945
2.328,-19576,-18985,-17668,-19153
2.332,-14465,-14436,-14438,-15225
2.336,-1467,-1854,-1568,-1144
2.34,1245,1223,1825,2278
2.344,2762,2654,5388,9165
2.348,11848,10984,11650,13460
2.352,16200,14623,13951,15378
2.356,17550,16537,15062,15889
2.36,12750,13660,12371,12070
2.364,1701,2462,2320,1703
2.368,-8106,-4704,-5620,-10608
2.372,-15252,-15221,-16598,-18768
2.376,-11345,-12270,-14764,-15820
2.38,-798,-1205,-2397,-2375
2.384,6581,7796,3509,4831
2.388,10359,11485,9770,10837
2.392,2273,2253,2192,2157
2.396,-4122,-5858,-5617,-7923
2.4,-15306,-16125,-15556,-17299
2.404,-15558,-15623,-14122,-14931
2.408,-8261,-7101,-1565,-2630
2.412,-1536,-1000,2117,580
2.416,2767,634,9828,13112
2.42,11143,10722,15514,16845
2.424,15064,14421,17795,18523
2.428,15983,15917,16717,17997
2.432,12257,13616,11779,13387
2.436,2348,1236,2215,2345
2.44,-2604,-2567,-3436,-5831
2.444,-15715,-14724,-17240,-19380
2.448,-18898,-19866,-22615,-23697
2.452,-15050,-18172,-21456,-22800
2.456,-769,-8409,-12110,-13713
2.46,2611,2010,1566,116
2.464,13644,13640,13644,12482
2.468,16942,17852,17754,16845
2.472,13255,13359,12829,12612
2.476,2514,2178,2128,2328
2.48,-2607,-2338,-110,-2419
2.484,-9919,-11436,-6604,-3477
2.488,-10036,-9098,-2350,-133
2.492,-877,-2564,-1438,-1038
2.496,176,1894,2442,2486
2.5,206,5913,4864,6298
2.504,3838,10463,5985,8730
2.508,2703,4378,730,3035
2.512,160,997,1323,1421
2.516,-2567,-329,-2236,-2520
2.52,-3807,-7233,-2190,-6244
2.524,-3885,-6013,-4936,-8168
2.528,-2770,-2763,-3725,-3298
2.532,-1702,-1602,-2559,-2061
2.536,1999,1543,-150,1567
2.54,2704,2496,2387,2510
2.544,5823,2708,334,2547
2.548,932,2366,2401,1980
2.552,1463,1449,321,-130
2.556,-1217,-10,-1534,-1509
2.56,-542,163,-462,-648
2.564,1093,1471,1938,1522
2.568,767,1758,2483,2132
2.572,-1583,1458,2218,1803
2.576,-2347,74,136,13
2.58,-2325,-1654,-2166,-1670
2.584,-2173,-2478,-992,-2750
2.588,-2419,-3429,-7051,-8963
2.592,-810,-7993,-10546,-12444
2.596,-2717,-4670,-4269,-4187
2.6,1108,354,1964,61
2.604,12608,13857,16827,21504
2.608,22510,23429,24640,26193
2.612,22419,23120,23550,23260
2.616,4563,7046,6101,2601
2.62,-15572,-13467,-14076,-18593
2.624,-28186,-26721,-26524,-27753
2.628,-29116,-28025,-27274,-26765
2.632,-19620,-19739,-18223,-14645
2.636,252,2112,2133,2363
2.64,24337,21661,19710,21429
2.644,27413,24816,23096,22440
2.648,22490,18696,14727,11612
2.652,2497,1817,-1377,-2281
2.656,-11060,-11596,-13969,-13625
2.66,-16553,-15548,-15924,-14124
2.664,-12486,-8898,-5326,-3580
2.668,-2607,-1370,1651,740
2.672,405,2396,3873,2774
2.676,1799,2550,3580,1743
2.68,1939,2286,283,1090
2.684,2432,2484,1848,3587
2.688,3207,3689,7228,8765
2.692,6421,8594,9105,9912
2.696,2410,5527,1724,951
2.7,1332,1611,-1457,-2124
2.704,-326,-3180,-9865,-12515
2.708,-12028,-14595,-16689,-18509
2.712,-15158,-17550,-17932,-18642
2.716,-13346,-15105,-14149,-12950
2.72,-1579,-4666,-1707,-2246
2.724,2288,1711,2248,2064
2.728,12106,11206,12349,13541
2.732,15126,15850,16531,15218
2.736,11452,13777,13392,11717
2.74,2219,559,2406,2590
2.744,-2688,-2364,-1372,-2236
2.748,-9349,-9152,-11827,-8900
2.752,-8186,-8316,-9740,-11411
2.756,-2304,-2258,-2260,-2758
2.76,2573,2550,110,2728
2.764,10229,8881,12440,14555
2.768,9758,8510,13137,15756
2.772,2366,2393,1955,3275
2.776,-2689,-2575,-2492,-2225
2.78,-11437,-11580,-13509,-17830
2.784,-11144,-12073,-15119,-19636
2.788,-2543,-2769,-5307,-11285
2.792,2451,2461,2114,1593
2.796,10237,11698,11775,12253
2.8,12129,13089,14132,15760
2.804,6518,5892,8533,12192
2.808,1879,694,1574,2383
2.812,-2711,-2930,-1748,-2702
2.816,-11578,-11983,-11663,-11240
2.82,-13735,-12449,-11882,-11162
2.824,-9643,-5188,-2894,-96
2.828,-2134,-984,207,1556
2.832,2576,163,2243,2699
2.836,6640,6388,6695,5070
2.84,4584,3702,1990,2753
2.844,2190,2096,940,108
2.848,-1569,-1880,-2748,-684
2.852,-2429,-2729,-7983,-8526
2.856,-2195,-2614,-7399,-7492
2.86,-79,-1736,-2538,-2515
2.864,1578,846,1657,1618
2.868,1560,1865,2690,1783
2.872,300,1959,6478,5026
2.876,304,2107,6217,4915
2.88,2132,2539,5542,5079
2.884,1820,3285,5165,5380
2.888,5217,5675,2639,2584
2.892,1594,793,2229,2182
2.896,1584,-1,-1761,-1565
2.9,-2216,-2112,-4279,-1552
2.904,-2590,-9118,-11198,-8292
2.908,-5508,-7384,-11653,-11259
2.912,-5877,-1837,-8565,-10261
2.916,-6085,-2716,-3853,-6118
2.92,-6125,-1302,-239,-1364
2.924,-2863,-1583,-2410,-2423
2.928,-2063,-2155,-1542,-1663
2.932,1965,2020,1440,646
2.936,887,2338,2467,2277
2.94,2022,2406,661,1681
2.944,361,2597,2694,7122
2.948,816,2592,6516,11605
2.952,5586,4707,11996,13428
2.956,11605,11762,14747,13823
2.96,12924,12974,14375,11931
2.964,8722,7976,7136,2963
2.968,1806,1402,-550,-948
2.972,-5070,-7638,-12380,-10465
2.976,-17138,-18594,-22033,-19613
2.98,-20788,-21562,-23773,-22974
2.984,-17133,-16583,-20185,-20430
2.988,-5293,-2089,-6893,-10100
2.992,958,2073,2020,1030
2.996,666,3334,8242,6306
3,263,1974,10353,8427
3.004,2108,2346,5311,1688
3.008,850,1851,95,2267
3.012,1539,2156,2666,2515
3.016,2746,2732,2726,6658
3.02,9741,5377,8157,13279
3.024,14024,9932,10409,13987
3.028,13217,9121,4743,7166
3.032,1283,2592,94,-310
3.036,-771,-2762,-8969,-12117
3.04,-18860,-17142,-19640,-21947
3.044,-24423,-23347,-23363,-24318
3.048,-23445,-22580,-21983,-22538
3.052,-12277,-11727,-11425,-10215
3.056,2164,491,26,4050
3.06,23533,22723,23045,24121
3.064,28238,27477,28633,29346
3.068,25997,25532,27016,27324
3.072,12116,11873,13474,13535
3.076,-11227,-10762,-11868,-12318
3.08,-25683,-25544,-26849,-27420
3.084,-27470,-27590,-28713,-29668
3.088,-20898,-21361,-21827,-23216
3.092,-1241,-1001,95,-1639
3.096,14983,16394,17709,17145
3.1,19670,21604,21992,22837
3.104,12425,13543,13222,16004
3.108,-162,-840,-746,1663
3.112,-9076,-11859,-10939,-7747
3.116,-11745,-13313,-12977,-12429
3.12,-2744,-2721,-2598,-2719
3.124,2532,2810,2368,2226
3.128,12839,16871,14464,13255
3.132,15627,19818,19814,18240
3.136,11882,15002,16964,15778
3.14,2230,2550,2610,2029
3.144,-1230,-3513,-81,-2721
3.148,-12560,-16119,-14302,-14286
3.152,-13251,-17971,-15544,-16227
3.156,-6377,-12708,-9479,-11187
3.16,-1873,-2530,-2188,-2266
3.164,1629,816,807,1263
3.168,1545,202,-630,173
3.172,-1616,-2408,-1144,-2544
3.176,-2718,-4889,-11222,-7425
3.18,-2652,-2596,-11156,-8032
3.184,102,529,-2369,-2365
3.188,6758,11440,4997,1085
3.192,15893,19971,18908,15980
3.196,16871,21154,22498,20533
3.2,10553,13966,17453,16898
3.204,1090,1918,1358,2555
3.208,-2556,-2986,-2534,-2413
3.212,-7294,-9739,-9030,-9928
3.216,-2681,-5649,-8556,-10682
3.22,-2452,-2661,-2980,-3881
3.224,-2579,-2472,-2639,-2308
3.228,-5066,-1973,-2485,-1155
3.232,-10407,-6513,-2334,153
3.236,-7517,-4267,-1535,1419
3.24,-2219,-1867,1669,1999
3.244,2464,2531,2760,2215
3.248,7753,6544,1997,2148
3.252,9308,5517,2455,1610
3.256,5116,2602,302,409
3.26,1423,1924,-1278,74
3.264,1725,2298,622,1515
3.268,3968,2909,2503,2164
3.272,3032,6212,1048,2089
3.276,2216,2763,2121,-31
3.28,-2214,-1753,-2367,-2751
3.284,-9613,-10122,-9589,-8233
3.288,-15168,-15925,-12676,-9927
3.292,-15980,-15868,-9372,-4636
3.296,-12865,-11322,-378,-2401
3.3,-3362,-2683,-1844,-1222
3.304,-1017,1,-321,290
3.308,2454,2276,1397,2006
3.312,4865,1825,2695,1379
3.316,10400,8844,10345,10726
3.32,13283,14025,15751,14916
3.324,14993,16738,17389,15911
3.328,13615,15161,13544,11886
3.332,3023,3748,2441,2029
3.336,-2256,-2537,-3983,-6270
3.34,-12962,-15114,-16341,-16811
3.344,-16094,-18240,-17872,-17458
3.348,-11843,-13009,-12402,-11144
3.352,-2511,-2528,-2561,-2154
3.356,139,366,-21,1190
3.36,-116,-47,61,153
3.364,-2132,-2097,-1197,-1710
3.368,-2295,-2011,197,-747
3.372,147,1817,575,2717
3.376,2266,6226,11535,12243
3.38,11282,11775,12837,14389
3.384,10192,6996,4836,6971
3.388,2681,1820,-184,-1176
3.392,-1462,-2438,-3618,-9056
3.396,-2689,-1377,-6456,-12315
3.4,-2415,-2182,-2489,-3093
3.404,-117,1770,1770,1308
3.408,2103,2684,403,2903
3.412,1707,2162,2305,1669
3.416,-2108,-2230,-2112,124
3.42,-7911,-10122,-8683,-3914
3.424,-14371,-14836,-13608,-11919
3.428,-14386,-13691,-12144,-10245
3.432,-6053,-2885,-487,-2557
3.436,1483,2269,2290,2304
3.44,13052,14713,13399,11839
3.444,22198,22515,20501,17722
3.448,23914,23351,21944,18911
3.452,20962,18198,16020,13546
3.456,6384,2696,2316,1842
3.46,-3170,-9165,-10250,-10256
3.464,-20243,-21599,-20838,-19529
3.468,-23354,-23049,-21779,-20014
3.472,-17948,-16013,-13242,-12134
3.476,-2616,-2090,-163,-110
3.48,2403,5118,8171,8347
3.484,9924,10694,11514,12522
3.488,2718,2655,2699,3519
3.492,-2516,-2621,-2635,-1838
3.496,-12424,-12705,-13318,-10016
3.5,-13541,-13539,-14888,-13056
3.504,-1751,-1270,-4336,-6087
3.508,1473,1909,2743,537
3.512,18904,18774,17683,9771
3.516,23657,23338,22316,16505
3.52,21634,20572,17822,16312
3.524,10239,7827,5124,10388
3.528,-1777,-2157,-813,2190
3.532,-11619,-11741,-664,-2204
3.536,-15724,-14848,-4725,-3880
3.54,-15709,-14018,-7060,-8396
3.544,-13495,-11457,-8951,-8978
3.548,-8008,-4341,-7684,-4862
3.552,-2244,-1851,-519,-2322
3.556,2454,2478,24,1424
3.56,9591,8573,2726,2731
3.564,11242,11171,2863,655
3.568,331,2610,2336,1857
3.572,-2251,-1513,-1999,-2338
3.576,-11122,-9644,-5936,-7286
3.58,-13118,-14851,-10271,-10933
3.584,-6109,-12483,-5169,-5628
3.588,103,-2407,-1748,-1817
3.592,9158,3475,472,679
3.596,19335,18128,14407,14751
3.6,23999,23799,21868,22259
3.604,24351,24101,23375,23535
3.608,18409,17645,18276,18566
3.612,1364,1020,2012,2143
3.616,-19904,-18858,-17051,-16511
3.62,-29498,-28028,-26849,-26495
3.624,-31726,-29505,-27640,-27244
3.628,-26537,-24185,-21207,-20521
3.632,-9351,-2685,-1989,-1822
3.636,11340,12147,13656,13413
3.64,23543,22798,21177,20257
3.644,23960,22861,18811,17414
3.648,15829,14588,8262,5483
3.652,1877,1945,-914,-1676
3.656,-3063,-1669,-4891,-6818
3.66,-6485,-6129,-7042,-9969
3.664,-2387,-2669,-2661,-2904
3.668,2303,780,989,-155
3.672,10364,1815,1896,3572
3.676,15115,10858,9354,13308
3.68,15026,13032,11102,14841
3.684,7013,8902,3757,8724
3.688,-1967,222,-1419,-885
3.692,-16544,-13075,-12817,-13594
3.696,-24658,-23283,-21014,-22241
3.7,-25444,-24664,-21271,-22216
3.704,-19938,-19431,-13301,-13255
3.708,-2661,-2661,-1275,144
3.712,6897,6922,7556,11977
3.716,17051,17130,15153,17747
3.72,18157,17973,16092,17353
3.724,15135,14501,14201,13556
3.728,11538,10136,11295,7210
3.732,6814,4882,4132,2627
3.736,1670,2741,1964,-102
3.74,1605,880,-2397,-2340
3.744,-2660,-271,-10236,-13587
3.748,-11799,-11944,-15012,-17579
3.752,-14778,-14547,-14710,-15989
3.756,-12384,-11800,-7155,-6407
3.76,-1438,-2663,-194,1045
3.764,-100,1598,2996,7004
3.768,2130,2654,7704,11901
3.772,1613,2163,93,5889
3.776,-1854,-2014,-1662,110
3.78,-2244,-5994,-6969,-6282
3.784,-4686,-10221,-11903,-13908
3.788,-2312,-1545,-5474,-11139
3.792,158,2429,1425,117
3.796,16849,17103,14169,15526
3.8,23794,24621,23381,24798
3.804,24711,25789,24769,25727
3.808,20596,22386,20063,19786
3.812,2423,4734,2568,2153
3.816,-9343,-10135,-13302,-14744
3.82,-23507,-24783,-24912,-25197
3.824,-27068,-29060,-27891,-27932
3.828,-25933,-27572,-25946,-25847
3.832,-19570,-20127,-17136,-16149
3.836,-734,-2232,162,1929
3.84,1943,10799,16811,19575
3.844,14182,18521,24079,25188
3.848,15429,18065,23018,23546
3.852,11014,11427,12250,12299
3.856,2425,2108,-1541,-1988
3.86,-1196,-2090,-9139,-12571
3.864,-1658,-2131,-7952,-14000
3.868,1449,1075,-2086,-5661
3.872,2702,2670,2315,-929
3.876,2679,2708,2664,2216
3.88,616,1002,1464,2096
3.884,-2498,-2458,-2111,32
3.888,-2639,-439,-2376,-124
3.892,807,-1376,-414,1979
3.896,7893,1863,2581,1662
3.9,14685,12261,4934,5191
3.904,11683,11207,2232,1458
3.908,981,2072,1064,1206
3.912,-12180,-7365,-1223,-6
3.916,-21208,-18918,-11859,-11750
3.92,-22037,-21584,-13615,-14571
3.924,-14918,-16111,-9911,-12052
3.928,-2259,-2698,-2265,-2561
3.932,4080,1651,2558,2494
3.936,14552,14569,9696,10957
3.94,15644,16910,11207,12044
3.944,11257,12916,2645,2690
3.948,2202,2419,-214,-1524
3.952,-362,-985,-3838,-6657
3.956,-12646,-13292,-10756,-10354
3.96,-14507,-14178,-6481,-1166
3.964,-8180,-4430,-1068,2106
3.968,842,2289,8571,12714
3.972,12628,14897,19293,19612
3.976,19728,20386,21883,20145
3.98,18064,16749,14629,12514
3.984,5639,2774,-102,-1426
3.988,-2397,-3556,-15052,-15886
3.992,-12723,-15374,-22381,-23022
3.996,-14077,-15580,-19751,-21831
4,-6793,-8029,-9360,-12485
4.004,-1461,-1470,-154,-1623
4.008,2333,2481,2749,2563
4.012,2581,139,56,2747
4.016,1733,1806,1643,1820
4.02,-1738,-2215,-1934,-1230
4.024,-2737,-3129,-2508,-1649
4.028,-1303,-2233,-1919,1350
4.032,-2394,-1692,2185,3556
4.036,632,2572,9203,13327
4.04,1356,9984,15247,16418
4.044,9859,13106,15528,14778
4.048,11241,11214,9071,5480
4.052,3839,2730,903,-1176
4.056,86,-1827,-5087,-9464
4.06,-2545,-5912,-13194,-15582
4.064,-10362,-10744,-12960,-15454
4.068,-8675,-7053,-6615,-11195
4.072,-211,-2572,-2378,-407
4.076,-861,-265,-719,-1446
4.08,1822,1587,69,998
4.084,2116,1628,-555,1705
4.088,1499,745,-1382,1521
4.092,-66,-351,-1435,88
4.096,-1471,-1240,-774,-1298
4.1,-498,-591,1259,-104
4.104,2120,1781,2764,2653
4.108,4732,3234,11512,12604
4.112,11993,12256,16432,18126
4.116,12483,13760,16200,17135
4.12,4840,6940,6161,5247
4.124,-1001,-1329,-2492,-861
4.128,-11959,-13468,-17694,-19723
4.132,-20921,-22317,-23835,-24645
4.136,-23153,-23350,-23311,-23492
4.14,-19702,-18897,-15431,-14176
4.144,-7237,-4298,-2019,-161
4.148,2480,234,7633,11768
4.152,17494,17872,17862,19387
4.156,24625,24167,22187,22336
4.16,26015,25116,22247,21237
4.164,22991,21930,17055,15498
4.168,8010,5627,673,2644
4.172,-5191,-6293,-6681,-5683
4.176,-22393,-22394,-21383,-20220
4.18,-24973,-24602,-23761,-23553
4.184,-21979,-20346,-18521,-19207
4.188,-6498,-2283,-2573,-28
4.192,2662,2710,7619,6730
4.196,13087,14380,17611,16779
4.2,11948,13193,16900,14828
4.204,2232,2629,4973,2771
4.208,-3425,-684,-2597,-512
4.212,-14147,-14078,-16058,-14535
4.216,-13772,-15532,-20811,-18009
4.22,-869,-7445,-16999,-15231
4.224,1382,1786,-768,-1942
4.228,17797,14170,5366,518
4.232,22760,21798,20236,17694
4.236,20193,22020,23878,23497
4.24,9964,14999,22303,23414
4.244,-835,2386,12678,17578
4.248,-7478,-1931,809,1436
4.252,-12425,-12966,-6630,-74
4.256,-9697,-13897,-13981,-14340
4.26,-109,-9349,-14506,-17809
4.264,-1328,-2607,-11976,-16446
4.268,105,-1165,-5224,-12281
4.272,-1204,-768,-2444,-2877
4.276,-2222,-1842,-159,-1307
4.28,-2514,-2143,2260,2392
4.284,-2609,-1704,566,2939
4.288,-299,-1304,2531,2775
4.292,-3115,-2160,-1371,-759
4.296,-3104,-1605,-7434,-5884
4.3,-2229,-3009,-13427,-11974
4.304,2486,-1516,-7213,-3087
4.308,13454,7086,2080,2606
4.312,19882,19829,16119,17599
4.316,20570,23216,22834,23034
4.32,14968,19176,21156,20208
4.324,2758,3407,11599,7776
4.328,-2315,-2690,185,-1699
4.332,-6272,-12045,-3273,-5814
4.336,-5627,-11228,-7809,-5951
4.34,-2685,-675,-4685,-2715
4.344,-2256,-1697,-163,-2225
4.348,-901,-2335,-2697,-2666
4.352,-11632,-9488,-3389,-7967
4.356,-15954,-16096,-9463,-13650
4.36,-14764,-15630,-11805,-14724
4.364,-3385,-4835,-8711,-11645
4.368,2156,2040,-2579,-2669
4.372,10353,10412,1642,2013
4.376,12529,13445,4808,6886
4.38,8443,12091,12255,12668
4.384,2614,9030,14379,14091
4.388,3079,7474,14347,14414
4.392,8732,6428,12333,13942
4.396,11534,1710,6414,11842
4.4,5231,1490,2474,3382
4.404,-56,-2456,-182,521
4.408,-9147,-6495,-2715,-1224
4.412,-15597,-9320,-7986,-10346
4.416,-13814,-4843,-11546,-11603
4.42,-2389,-2261,-8285,-6828
4.424,-79,158,-2608,-2596
4.428,1127,66,-950,-1785
4.432,-2246,-2312,-1756,-2287
4.436,-6352,-6822,-5975,-6820
4.44,-6712,-10917,-15242,-14785
4.444,-1880,-3493,-15655,-15548
4.448,2891,819,-2708,-4309
4.452,13631,7954,4759,2784
4.456,14876,15417,22069,21746
4.46,12116,16997,25628,25800
4.464,4962,14479,24173,24406
4.468,2349,6557,15370,15445
4.472,-795,1445,1617,1185
4.476,-2755,-262,-7648,-10217
4.48,-5474,-10251,-15245,-16266
4.484,-4794,-11943,-15109,-14834
4.488,-2751,-7629,-9660,-6514
4.492,-2192,-2590,-2369,-1721
4.496,-1974,-888,1249,2023
4.5,-1983,787,2198,2475
4.504,-1493,897,1809,2180
4.508,782,1126,-151,-158
4.512,2203,1645,-2109,-2613
4.516,2353,1613,-2682,-7053
4.52,1458,-49,-2919,-11345
4.524,-2096,-2384,-4471,-9905
4.528,-1691,-1465,-1198,-736
4.532,-1305,-2590,-1018,1806
4.536,-1276,862,3059,12076
4.54,973,5054,15203,19901
4.544,11356,12711,18873,21663
4.548,11467,11630,14993,15689
4.552,2611,2690,2543,2441
4.556,950,-2015,-2835,-4414
4.56,-2142,-3075,-13672,-15236
4.564,-2392,-1353,-12744,-15571
4.568,-2179,-1791,-1176,-7515
4.572,-1744,1288,1573,151
4.576,-1531,1854,3588,5768
4.58,-1461,1627,7098,11148
4.584,-834,1495,2977,3249
4.588,160,1425,1675,-796
4.592,726,-3,-2582,-5233
4.596,-1592,-2619,-10823,-11605
4.6,-2736,-9977,-14293,-10421
4.604,-11557,-13582,-13130,-4021
4.608,-11644,-11212,-3973,-2373
4.612,-7,-2360,237,-121
4.616,2464,2647,4103,2223
4.62,12980,11390,10869,2645
4.624,16271,12916,8921,6029
4.628,13436,9374,2205,3511
4.632,3526,1230,2331,2525
4.636,1612,2237,2142,2150
4.64,-1124,1934,2393,2373
4.644,-1938,1620,2574,53
4.648,-2430,-101,2140,75
4.652,-1874,-2473,-1499,2091
4.656,-4699,-4378,-2922,-1904
4.66,-2190,-5102,-9446,-5738
4.664,-2045,-2582,-8427,-12541
4.668,1798,291,-732,-12080
4.672,270,2578,-227,-2264
4.676,877,134,2442,175
4.68,1972,1791,2739,2505
4.684,-2321,-2531,1565,2051
4.688,-9441,-11528,-2593,-2082
4.692,-13524,-14481,-7318,-2142
4.696,-9841,-9449,-2829,-2523
4.7,-1147,398,1577,2202
4.704,10423,13074,11551,11830
4.708,19495,20361,15754,15415
4.712,20235,18143,11703,11382
4.716,12143,4832,1881,1794
4.72,-332,-2348,-1273,-1255
4.724,-9669,-9841,-6924,-5799
4.728,-12004,-6675,-2663,-2335
4.732,-320,-1315,1825,2278
4.736,2037,1559,3839,3416
4.74,2369,5664,1881,2398
4.744,2366,2186,-96,-2406
4.748,-2265,-970,-6248,-11227
4.752,-10218,-13680,-13002,-12586
4.756,-13787,-15618,-11181,-4210
4.76,-11834,-11572,-2754,-69
4.764,-1815,-2502,23,2461
4.768,-137,1758,1966,2408
4.772,2529,1155,1851,797
4.776,5938,5071,1617,-1478
4.78,12277,8590,2326,-88
4.784,15042,12138,5403,2651
4.788,14295,12989,12421,9815
4.792,5246,7633,12088,11532
4.796,-1635,755,10,149
4.8,-11477,-7679,-2546,-2625
4.804,-16061,-15922,-13244,-13933
4.808,-13920,-15625,-15704,-15759
4.812,-2704,-6787,-10333,-8200
4.816,1183,720,-1127,3
4.82,2979,6353,4519,6943
4.824,6932,11265,11631,13037
4.828,2876,4085,7692,11644
4.832,1803,856,2354,1434
4.836,-2006,-2482,-1312,-18
4.84,-2462,-2679,-2331,-2342
4.844,-1363,-1498,-2176,-2216
4.848,2459,2376,-560,-97
4.852,6460,5251,1496,1692
4.856,6789,5261,1353,147
4.86,2305,2151,-1673,-2594
4.864,-133,-2714,-1877,-9302
4.868,-15010,-13012,-7913,-13242
4.872,-19788,-16762,-8183,-12817
4.876,-17305,-15182,-3855,-6717
4.88,-6032,-7199,-2353,-1684
4.884,2021,-1028,1324,2185
4.888,12049,2400,4109,14155
4.892,16304,12406,12564,17078
4.896,14268,14598,12834,13414
4.9,4014,12453,4127,2548
4.904,-115,1993,91,-2436
4.908,-2673,3,-2260,-3163
4.912,-2635,-2097,-950,-1656
4.916,903,623,1636,5213
4.92,9922,6569,13639,16173
4.924,18652,16104,15602,16048
4.928,18617,15529,7014,1293
4.932,2480,2244,-3,-8614
4.936,-13672,-17011,-22866,-23915
4.94,-27891,-29141,-29407,-28217
4.944,-32245,-32567,-29789,-26960
4.948,-28257,-27407,-22939,-18309
4.952,-12542,-6962,-525,1464
4.956,13231,17009,21888,21073
4.96,27186,28290,28521,27780
4.964,29772,29588,28226,27877
4.968,25370,24229,22232,21433
4.972,11227,6291,2576,1824
4.976,-1701,-4763,-11582,-15601
4.98,-17688,-18076,-21307,-23562
4.984,-19725,-19317,-21648,-22625
4.988,-13768,-12862,-13447,-12393
4.992,-2347,-2016,-858,1579
4.996,2720,2131,10157,13934
5,9263,11620,16761,19971
5.004,9089,11580,16044,18558
5.008,2541,5044,9145,11568
5.012,2131,2307,2008,2021
5.016,165,134,-2190,-2648
5.02,-781,-1662,-1249,-8871
5.024,-1445,-2230,-3244,-12106
5.028,-2289,-2659,-3634,-11673
5.032,-4129,-4462,-3510,-7265
5.036,-11792,-11184,-3378,-2774
5.04,-12898,-13259,-3636,-1732
5.044,-6827,-11337,-3352,-67
5.048,-1101,-2538,-189,-1020
5.052,3072,2472,-1741,-2034
5.056,11719,10562,1913,-2137
5.06,11005,12138,1229,-406
5.064,2141,6882,5021,2377
5.068,1543,2490,5056,5708
5.072,-1391,826,2513,10408
5.076,-1952,-755,2700,9348
5.08,-1944,-41,2521,5114
5.084,-1202,1559,2753,2646
5.088,1813,2651,4125,4147
5.092,3291,5406,7001,5515
5.096,9944,6853,2468,2699
5.1,5928,2586,-940,-2178
5.104,318,-2482,-12103,-13817
5.108,-8482,-14462,-20760,-20898
5.112,-16535,-19441,-21083,-19971
5.116,-15755,-15823,-12421,-11391
5.12,-5454,-526,-160,-114
5.124,912,2469,4958,3892
5.128,2040,7279,6969,5139
5.132,2893,4522,2532,2177
5.136,2488,2192,-835,-2100
5.14,1506,-787,-2299,-317
5.144,-327,-1936,-2206,-2526
5.148,-2074,-2066,-1389,-1166
5.152,-2622,-2099,159,1653
5.156,-2701,-1917,1506,2327
5.16,-1883,-163,2277,2702
5.164,1959,2283,1761,4217
5.168,1840,3010,7204,10259
5.172,3710,4707,8596,12289
5.176,1314,1158,4385,10212
5.18,564,2443,2413,1059
5.184,5159,2543,1169,502
5.188,11484,3293,144,-2322
5.192,11741,6495,134,-983
5.196,427,2780,-1308,-3069
5.2,-520,-2292,-2781,-5711
5.204,-18831,-15482,-11658,-10970
5.208,-24939,-23400,-17195,-14201
5.212,-25166,-24309,-19503,-15542
5.216,-19882,-19945,-16758,-13068
5.22,-2587,-4880,-7195,-2576
5.224,2751,2498,317,836
5.228,13147,12641,5614,2972
5.232,15574,14915,12303,9392
5.236,14202,13136,13231,11466
5.24,11012,10131,13569,13093
5.244,4999,7709,14679,16312
5.248,2222,7776,15838,19371
5.252,3670,8267,15102,18778
5.256,7003,7148,10600,12221
5.26,7012,2360,2125,435
5.264,2611,1407,-3256,-12485
5.268,-2391,-2870,-16767,-22321
5.272,-15069,-16472,-22427,-24047
5.276,-22904,-22544,-22309,-21963
5.28,-23478,-22078,-15840,-12530
5.284,-16758,-13318,-2734,-1298
5.288,-2088,-113,2613,3825
5.292,9837,10865,10184,10351
5.296,16646,14571,7996,4358
5.3,13588,8106,2072,31
5.304,2479,147,-2722,-3426
5.308,-2715,-3678,-7672,-9598
5.312,-9637,-7283,-2133,-997
5.316,-6614,-2616,1637,2494
5.32,-1578,2163,12201,16350
5.324,5060,11737,20028,23304
5.328,17193,18441,22424,23683
5.332,21955,20867,19005,18251
5.336,19310,16843,8274,369
5.34,5104,2763,-2307,-6704
5.344,-6774,-10428,-17665,-21469
5.348,-23594,-23918,-24778,-25060
5.352,-26896,-26777,-25171,-24010
5.356,-23382,-23163,-19028,-15854
5.36,-3534,-3111,-2357,-1695
5.364,10156,10573,10280,9423
5.368,20556,21194,18615,16398
5.372,19677,20531,17527,14887
5.376,11643,11762,7998,4264
5.38,1764,858,-299,-1206
5.384,-2723,-3689,-5297,-4851
5.388,-9017,-11471,-11517,-10164
5.392,-12259,-12003,-10161,-7376
5.396,-11382,-8560,-2296,-2619
5.4,-2409,-2664,-656,1349
5.404,970,1730,2015,6062
5.408,7579,9022,13510,15273
5.412,15028,15875,17839,19139
5.416,15579,16539,17310,18071
5.42,10639,11358,10988,11114
5.424,2187,1985,238,-647
5.428,-2438,-833,-10785,-13816
5.432,-6346,-11276,-18817,-22672
5.436,-8659,-12341,-19871,-23161
5.44,-5819,-8653,-13917,-16193
5.444,-2735,-2706,-2426,-2300
5.448,-1278,70,2586,3552
5.452,1988,2486,7873,12422
5.456,2450,753,7622,11234
5.46,1870,2331,2772,980
5.464,-1866,-1470,-579,-600
5.468,-3539,-4270,-3745,-3130
5.472,-8951,-11518,-12140,-11474
5.476,-6770,-9791,-11535,-11040
5.48,-2336,-2385,-2450,-2454
5.484,2520,845,3835,3772
5.488,13512,15714,18454,18894
5.492,19757,21341,22921,23256
5.496,20333,20500,20598,20658
5.5,14600,13319,10355,8030
